Institucion,URL
Archivo Nacional,https://www.archivonacional.gob.cl/
Asamblea legislativa  (Bicameral) Bolivia,https://www.senado.gob.bo/
Asamblea Nacional (Unicameral) Nicaragua,https://noticias.asamblea.gob.ni/
Bibliomóviles,https://www.bibliomoviles.gob.cl/
Biblioteca de Santiago,https://www.bibliotecasantiago.gob.cl/
Biblioteca Nacional,https://www.bibliotecanacional.gob.cl/
Biblioteca Patrimonial Recoleta Dominica,https://www.bibliotecadominica.gob.cl/
Biblioteca Regional de Antofagasta,https://www.bibliotecaregionalantofagasta.gob.cl/
Biblioteca Regional de Atacama,https://www.bibliotecaregionatacama.gob.cl/
Biblioteca Regional de Aysén,https://www.bibliotecaregionalaysen.gob.cl/
Biblioteca Regional de Los Lagos,https://www.bibliotecaregionaldeloslagos.gob.cl/
Biblioteca Regional Gabriela Mistral,https://www.bibliotecagabrielamistral.gob.cl/
Biblioteca Santiago Severin,https://www.bibliotecaseverin.gob.cl/
Centro de Documentación de Bienes Patrimoniales,https://www.cdbp.gob.cl/
Centro Nacional de Conservación y Restauración,https://www.cncr.gob.cl/
Congreso de la Nación (Bicameral) Argentina,https://www.hcdn.gob.ar/prensa/index.html
Congreso General (Bicameral) México,https://cronica.diputados.gob.mx/
Congreso General (Bicameral) México,https://www.senado.gob.mx/informacion/diario/home
Departamento de Derechos Intelectuales,https://www.propiedadintelectual.gob.cl/
Dirección de Compras y Contratación Pública (Chile),https://www.chilecompra.cl
Dirección Nacional del Servicio Civil (Chile),https://www.empleospublicos.cl/
Dirección Nacional del Servicio Civil (Chile),https://adp.serviciocivil.cl/
Dirección Nacional del Servicio Civil (Chile),https://www.directoresparachile.cl/
Dirección Nacional del Servicio Civil (Chile),https://www.practicasparachile.cl/
Dirección Nacional del Servicio Civil (Chile),https://www.serviciocivil.cl/
Dirección Nacional del Servicio Civil (Chile),https://trabajaenelestado.cl
Dirección Nacional del Servicio Civil (Chile),https://datosabiertos.serviciocivil.cl/
Dirección Nacional del Servicio Civil (Chile),https://funciona.serviciocivil.cl/
Dirección Nacional del Servicio Civil (Chile),https://masmujeres.serviciocivil.cl/
Dirección Nacional del Servicio Civil (Chile),https://campus.serviciocivil.cl/
Mercosur,https://documentos.mercosur.int/
MINISTERIO DE BIENES NACIONALES (Chile),https://www.bienesnacionales.cl
MINISTERIO DE BIENES NACIONALES (Chile),https://www.ide.cl
MINISTERIO DE BIENES NACIONALES (Chile),https://www.geoportal.cl
MINISTERIO DE BIENES NACIONALES (Chile),https://ide.bienes.cl
"Ministerio de Economía, Fomento y Turismo (Chile)",https://www.chile.travel
"Ministerio de Economía, Fomento y Turismo (Chile)",https://www.chileestuyo.cl
"Ministerio de Economía, Fomento y Turismo (Chile)",https://www.sernatur.cl
"Ministerio de Economía, Fomento y Turismo (Chile)",https://www.economia.gob.cl
Ministerio de Educación,https://www.curriculumnacional.cl
Ministerio de Educación,https://bibliotecadigital.mineduc.cl
Ministerio de Educación,https://www.leoysumoprimero.cl
Ministerio de Educación,https://www.innovacion.mineduc.cl
Ministerio de Educación,https://centroderecursos.educarchile.cl
Ministerio de Educación,https://www.educarchile.cl
Ministerio de Educación,https://www.mineduc.cl
Ministerio de Educación,https://www.redinnovacioneducativa.cl
Ministerio de Educación,https://ciudadaniadigital.mineduc.cl
Ministerio de Educación,https://www.cpeip.cl
Ministerio de Educación,https://educacionsuperior.mineduc.cl
Ministerio de Educación,https://www.supereduc.cl
Ministerio de Educación,https://www.agenciaeducacion.cl
Ministerio de Educación,https://www.dep.cl
Ministerio de Educación,https://www.junji.gob.cl
Ministerio de Educación,https://epja.mineduc.cl
Ministerio de Educación,https://tecnicoprofesional.mineduc.cl
Ministerio de Educación,https://ingles.mineduc.cl
Ministerio de Educación,https://peib.mineduc.cl
Ministerio de Educación,https://liceosbicentenario.mineduc.cl
Ministerio de Educación,https://especial.mineduc.cl
Ministerio de Educación,https://liderazgoescolar.mineduc.cl
Ministerio de Educación,https://desarrollodocenteenlinea.cpeip.cl
Ministerio de Educación,https://escuelasarriba.mineduc.cl
Ministerio de Educación,https://seamoscomunidad.mineduc.cl
Ministerio de Educación,https://migrantes.mineduc.cl
Ministerio de Educación,https://rural.mineduc.cl
Ministerio de Educación,https://basica.mineduc.cl
Ministerio de Educación,https://marcodecualificacionestp.mineduc.cl
Ministerio de Educación,https://www.ayudamineduc.cl
Ministerio de Educación,https://escolar.mineduc.cl
Ministerio de Educación,https://media.mineduc.cl
Ministerio de Educación,https://www.parvularia.mineduc.cl
Ministerio de Educación,https://artistica.mineduc.cl
Ministerio de Educación,https://centroestudios.mineduc.cl
Ministerio de Educación,https://www.revistadeeducacion.cl
Ministerio de Educación,https://cosoc.mineduc.cl
Ministerio de Educación,https://divesup.mineduc.cl
Ministerio de Educación,https://estandaresdocentes.mineduc.cl
Ministerio de Educación,https://www.mifuturo.cl
Ministerio de Educación,https://icec.mineduc.cl
Ministerio de Educación,https://www.junaeb.cl
Ministerio de Educación,https://portal.beneficiosestudiantiles.cl
Ministerio de Educación,https://certificados.mineduc.cl
Ministerio de Educación,https://sned.mineduc.cl
Ministerio de Educación,https://www.peib.mineduc.cl
Ministerio de Educación,https://bibliotecas-cra.cl
Ministerio de Educación,https://www.ingles.mineduc.cl
Ministerio de Educación,https://www.integra.cl
Ministerio de Educación,https://beneficiosestudiantiles.cl
Ministerio de Educación,https://sigamosaprendiendo.mineduc.cl
Ministerio de Educación,https://comunidadlectoradigital.mineduc.cl
Ministerio de Educación,https://recursosdereposicion.cpeip.cl
Ministerio de Educación,https://diagnosticointegral.agenciaeducacion.cl
Ministerio de Educación,https://becarios.mineduc.cl
Ministerio de Educación,https://demre.cl
Ministerio de Educación,https://ingresocarreradocente.mineduc.cl
Ministerio de Educación,https://www.formacionintegral.mineduc.cl
Ministerio de Educación,https://cedoc.mineduc.cl
Ministerio de Educación,https://www.epja.mineduc.cl
Ministerio de Salud Chile,https://www.minsal.cl/
Ministerio de Salud Chile,https://diprece.minsal.cl/
Ministerio de Salud Chile,https://diplas.minsal.cl/
Ministerio de Salud Chile,https://ies.minsal.gob.cl/
Ministerio de Salud Chile,https://etesa-sbe.minsal.cl/
Ministerio de Salud Chile,https://deis.minsal.cl/
Ministerio de Salud Chile,http://www.patrimoniodelasalud.cl/
Ministerio de Salud Chile,http://www.repositoriodigital.minsal.cl/
Ministerio de Salud Chile,http://www.bibliotecaminsal.cl/
Ministerio de Salud Chile,https://epi.minsal.cl/
Ministerio de Salud Chile,https://portalsaluddigital.minsal.cl/
Ministerio de Salud Chile,https://interoperabilidad.minsal.cl/
Ministerio de Salud Chile,https://prais.minsal.cl/
Ministerio de Salud Chile,https://bioetica.minsal.cl/
Ministerio de Salud Chile,https://dipol.minsal.cl/
Ministerio de Salud Chile,https://degreyd.minsal.cl/
Ministerio de Salud Chile,https://saludresponde.minsal.cl/
Ministerio de Salud Chile,https://plandeinversionesensalud.minsal.cl/
Ministerio de Salud Chile,https://vacunas.minsal.cl/
Ministerio de Salud Chile,http://rehabilitacion.minsal.cl/
Ministerio de Salud Chile,http://redcronicas.minsal.cl/
Ministerio de Salud Chile,https://leyricartesoto.minsal.cl/
Ministerio de Salud Chile,https://chilepaisdonante.minsal.cl/
Ministerio de Salud Chile,https://unchilemassano.minsal.gob.cl/
Ministerio de Salud Chile,https://ocai.minsal.cl/
Ministerio de Salud Chile,https://entornospromotoresdelasalud.minsal.gob.cl/
Ministerio de Salud Chile,https://yodonovida.minsal.cl/
Ministerio de Salud Chile,https://saludbucal.minsal.cl/
Ministerio de Salud Chile,http://saludresponde.minsal.cl
Ministerio de Salud Chile,https://leydelcancer.minsal.cl/
Ministerio de Salud Chile,https://ghs-chile.minsal.cl/
Ministerio de Salud Chile,https://estrategia.minsal.cl/
Ministerio de Salud Chile,https://enfermedadesrespiratorias.minsal.cl/
Ministerio de Salud Chile,https://donasangre.minsal.cl/
Ministerio de Salud Chile,https://auge.minsal.cl/
Museo Arqueológico de La Serena,https://www.museoarqueologicolaserena.gob.cl/
Museo Ciudadadano Benjamín Vicuña Mackenna,https://www.museovicunamackenna.gob.cl/
Museo de Antofagasta,https://www.museodeantofagasta.gob.cl/
Museo de Artes Decorativas,https://www.artdec.gob.cl/
Museo de Artes y Artesanías de Linares,https://www.museodelinares.gob.cl/
Museo de Historia Natural de Concepción,https://www.mhnconcepcion.gob.cl/
Museo de Historia Natural de Valparaíso,https://www.mhnv.gob.cl/
Museo de la Educación Gabriela Mistral,https://www.museodelaeducacion.gob.cl/
Museo de Rapanui,https://www.museorapanui.gob.cl/
Museo de Sitio Castillo de Niebla,https://www.museodeniebla.gob.cl/
Museo del Limarí,https://www.museolimari.gob.cl/
Museo Gabriela Mistral de Vicuña,https://www.mgmistral.gob.cl/
Museo Histórico de Yerbas Buenas,https://www.museoyerbasbuenas.gob.cl/
Museo Histórico Dominico,https://www.museodominico.gob.cl/
Museo Histórico Gabriel González Videla,https://www.museohistoricolaserena.gob.cl/
Museo Histórico Nacional,https://www.mhn.gob.cl/
Museo Mapuche de Cañete,https://www.museomapuchecanete.gob.cl/
Museo Nacional de Bellas Artes,https://www.mnba.gob.cl/
Museo Nacional de Historia Natural,https://www.mnhn.gob.cl/
Museo O'Higginiano y de Bellas Artes de Talca,https://www.museodetalca.gob.cl/
Museo Regional de Ancud,https://www.museodeancud.gob.cl/
Museo Regional de Atacama,https://www.museodeatacama.gob.cl/
Museo Regional de Aysén,https://www.museoregionalaysen.gob.cl/
Museo Regional de La Araucanía,https://www.museoregionalaraucania.gob.cl/
Museo Regional de Magallanes,https://www.museodemagallanes.gob.cl/
Museo Regional de Rancagua,https://www.museorancagua.gob.cl/
Museo Yagan Usi,https://www.museoyaganusi.gob.cl/
Servicio Nacional de Aduanas,https://www.aduana.cl
Servicio Nacional del Patrimonio Cultural,https://www.patrimoniocultural.gob.cl/
Sistema Nacional de Bibliotecas Públicas,https://www.bibliotecaspublicas.gob.cl/
Subdirección de Fomento y Gestión Patrimonial,https://www.sfgp.gob.cl/
Subdirección Nacional de Investigación,https://www.investigacion.patrimoniocultural.gob.cl/
Subdirección Nacional de Museos,https://www.museoschile.gob.cl/
Subdirección Nacional de Patrimonio Cultural Inmaterial,https://www.patrimonioinmaterial.gob.cl/
Subdirección Nacional de Pueblos Originarios y Tribal Afrodescendiente chileno,https://www.pueblosoriginarios.gob.cl/
SUBSECRETARIA DE DESARROLLO REGIONAL Y ADMINISTRATIVO,https://ide.subdere.gov.cl/
SUBSECRETARIA DE DESARROLLO REGIONAL Y ADMINISTRATIVO,https://cosoc.subdere.gov.cl/
SUBSECRETARIA DE DESARROLLO REGIONAL Y ADMINISTRATIVO,https://www.descentralizachile.cl/
SUBSECRETARIA DE DESARROLLO REGIONAL Y ADMINISTRATIVO,https://academia.subdere.gov.cl/
SUBSECRETARIA DE DESARROLLO REGIONAL Y ADMINISTRATIVO,https://www.sinim.gov.cl/
SUBSECRETARIA DE DESARROLLO REGIONAL Y ADMINISTRATIVO,https://ciudadano.subdere.gob.cl/
SUBSECRETARIA DE DESARROLLO REGIONAL Y ADMINISTRATIVO,https://www.tenenciaresponsablemascotas.cl/
SUBSECRETARIA DE DESARROLLO REGIONAL Y ADMINISTRATIVO,https://registroasociaciones.subdere.gov.cl/
SUBSECRETARIA DE DESARROLLO REGIONAL Y ADMINISTRATIVO,http://desarrollomunicipal.subdere.gov.cl/
SUBSECRETARIA DE DESARROLLO REGIONAL Y ADMINISTRATIVO,http://www.leydeplantas.subdere.gov.cl/
SUBSECRETARIA DE DESARROLLO REGIONAL Y ADMINISTRATIVO,https://tuopinionlosprotege.cl/
SUBSECRETARIA DE DESARROLLO REGIONAL Y ADMINISTRATIVO,https://www.recuperandopatrimonio.cl/
SUBSECRETARIA DE DESARROLLO REGIONAL Y ADMINISTRATIVO,https://www.chileindica.cl/home.php
SUBSECRETARIA DE DESARROLLO REGIONAL Y ADMINISTRATIVO,https://plataformabht.subdere.gov.cl/
SUBSECRETARIA DE DESARROLLO REGIONAL Y ADMINISTRATIVO,http://agesplataforma.subdere.gov.cl/
SUBSECRETARIA DE DESARROLLO REGIONAL Y ADMINISTRATIVO,https://fic-r.subdere.gov.cl/
SUBSECRETARIA DE DESARROLLO REGIONAL Y ADMINISTRATIVO,https://catastronacionalrsd.subdere.gob.cl/
SUBSECRETARIA DE DESARROLLO REGIONAL Y ADMINISTRATIVO,https://www.subdere.cl/
Tesorería General de la República,https://www.tgr.cl/
La Universidad Nacional de San Martín (UNSAM),https://ri.unsam.edu.ar/home
