Institucion,URL
Dirección Nacional del Servicio Civil (Chile),https://sicde.serviciocivil.cl/revisar-contenido
Dirección Nacional del Servicio Civil (Chile),https://www.serviciocivil.cl/buscador-campus/
SUBSECRETARIA DE DESARROLLO REGIONAL Y ADMINISTRATIVO,https://diagnostico.subdere.gov.cl/public/documents
SUBSECRETARIA DE DESARROLLO REGIONAL Y ADMINISTRATIVO,https://www.tenenciaresponsablemascotas.cl/fondos-concursables-2025/
SUBSECRETARIA DE DESARROLLO REGIONAL Y ADMINISTRATIVO,https://www.chileindica.cl/home.php
Congreso de la Nación (Bicameral) Argentina,https://www.hcdn.gob.ar/secparl/dtaqui/diario-de-sesiones.html
Congreso de la Nación (Bicameral) Argentina,https://www.senado.gob.ar/parlamentario/sesiones/busquedaTac
Congreso de la Nación (Bicameral) Argentina,https://www.senado.gob.ar/prensa/eventos
Congreso de la Nación (Bicameral) Argentina,https://www.hcdn.gob.ar/prensa/index.html
Asamblea legislativa  (Bicameral) Bolivia,https://diputados.gob.bo/sesiones-legislatura-2023-2024/
Asamblea legislativa  (Bicameral) Bolivia,https://www.senado.gob.bo/prensa/noticias
Asamblea legislativa  (Bicameral) Bolivia,https://diputados.gob.bo/prensa-noticias/
Congreso Nacional (Bicameral) Chile,https://www.camara.cl/legislacion/comisiones/comisiones_permanentes.aspx
Congreso Nacional (Bicameral) Chile,https://www.camara.cl/prensa/prensa_cms.aspx
Congreso Nacional (Bicameral) Chile,https://www.senado.cl/comunicaciones/noticias
Congreso Nacional (Bicameral) Chile,https://www.bcn.cl/noticias/congreso-nacional-lanza-sitio-web-de-datos-abiertos-legislativos
Congreso de la República (Bicameral) Colombia,https://www.senado.gov.co/index.php/documentos/comisiones
Congreso de la República (Bicameral) Colombia,https://www.camara.gov.co/comision
Congreso de la República (Bicameral) Colombia,https://www.camara.gov.co/prensa
Congreso de la República (Bicameral) Colombia,https://www.senado.gov.co/index.php/el-senado/noticias
Asamblea Legislativa (Unicameral) Costa Rica,https://www.asamblea.go.cr/glcp/actas_jefaturas/Forms/AllItems.aspx
Asamblea Legislativa (Unicameral) Costa Rica,https://www.asamblea.go.cr/glcp/Documentos%20compartidos/Forms/AllItems.aspx
Asamblea Legislativa (Unicameral) Costa Rica,https://www.asamblea.go.cr/glcp/SitePages/ConsultaActasPlenario.aspx
Asamblea Legislativa (Unicameral) Costa Rica,https://www.asamblea.go.cr/glcp/SitePages/ConsultaActasComisiones.aspx
Asamblea Legislativa (Unicameral) Costa Rica,https://www.asamblea.go.cr/glcp/actas_instalacion_com/Forms/AllItems.aspx
Asamblea Legislativa (Unicameral) Costa Rica,https://www.asamblea.go.cr/p/Boletin_Semanal_ediciones/Forms/AllItems.aspx
Asamblea Nacional (Unicameral) Cuba,https://www.parlamentocubano.gob.cu/noticias
Asamblea Nacional (Unicameral) Ecuador,https://proyectosdeley.asambleanacional.gob.ec/report
Asamblea Nacional (Unicameral) Ecuador,https://www.asambleanacional.gob.ec/es/noticias/boletines-de-prensa
Asamblea Legislativa (Unicameral) El Salvador,https://www.asamblea.gob.sv/sesion-plenaria/historico-sesion
Asamblea Legislativa (Unicameral) El Salvador,https://www.asamblea.gob.sv/sala-prensa
Congreso de la República (unicameral) Guatemala,https://www.congreso.gob.gt/comisiones_ordinarias
Congreso de la República (unicameral) Guatemala,https://www.congreso.gob.gt/consulta_legislativa
Congreso de la República (unicameral) Guatemala,https://www.congreso.gob.gt/noticias
Congreso Nacional (Unicameral) Honduras,https://congresonacional.hn/noticias
Congreso Nacional (Unicameral) Honduras,https://congresonacional.hn/noticias/audiencias_publicas
Congreso General (Bicameral) México,https://gaceta.diputados.gob.mx/gp66_actas.html
Congreso General (Bicameral) México,https://www.diputados.gob.mx/sedia/biblio/virtual.htm
Congreso General (Bicameral) México,https://www.senado.gob.mx/66/comisiones/memoria_labores
Congreso General (Bicameral) México,https://www.senado.gob.mx/66/informacion_parlamentaria/
Congreso General (Bicameral) México,https://www.senado.gob.mx/informacion/diario/home
Asamblea Nacional (Unicameral) Nicaragua,http://legislacion.asamblea.gob.ni/Diariodebate.nsf/xpMain.xsp
Asamblea Nacional (Unicameral) Panamá,https://www.asamblea.gob.pa/Noticias
Asamblea Nacional (Unicameral) Panamá,https://legispan.asamblea.gob.pa/records
Congreso Nacional (Bicameral) Paraguay,https://silpy.congreso.gov.py/web
Congreso Nacional (Bicameral) Paraguay,https://www.senado.gov.py/index.php/noticias/noticias-presidencia
Congreso Nacional (Bicameral) Paraguay,https://www.senado.gov.py/index.php/noticias/noticias-comisiones
Congreso Nacional (Bicameral) Paraguay,https://www.senado.gov.py/index.php/noticias/noticias-generales
Congreso Nacional (Bicameral) Paraguay,https://www.diputados.gov.py/index.php/noticias
Congreso de la República (Unicameral) Perú,https://www.congreso.gob.pe/actaspleno/
Congreso de la República (Unicameral) Perú,https://www.congreso.gob.pe/CuadrodeComisiones/
Congreso de la República (Unicameral) Perú,https://www.congreso.gob.pe/diariodebates/primeralegislatura-periodoparlamentario-2021-2026
Congreso de la República (Unicameral) Perú,https://www.congreso.gob.pe/FondoEditorial/notas-prensa/
Congreso de la República (Bicameral) Rep Dominicana,https://memoriahistorica.senadord.gob.do/communities/78245c69-a76d-488d-9143-722c7cc89f1c
Congreso de la República (Bicameral) Rep Dominicana,https://camaradediputados.gob.do/actas/
Congreso de la República (Bicameral) Rep Dominicana,https://camaradediputados.gob.do/noticias/
Parlamento (Bicameral) Uruguay,https://parlamento.gub.uy/camarasycomisiones/senadores/documentos/versiones-taquigraficas
Parlamento (Bicameral) Uruguay,https://parlamento.gub.uy/camarasycomisiones/representantes/documentos/versiones-taquigraficas
Parlamento (Bicameral) Uruguay,https://parlamento.gub.uy/noticiasyeventos/noticias
Asamblea Nacional (Unicameral) Venezuela,https://www.asambleanacional.gob.ve/noticias
OEA,https://www.oas.org/ext/es/principal/documentos/publicaciones
OEA,https://www.oas.org/es/council/CP/documentation/minutes/
OEA,https://www.oas.org/es/centro_informacion/informe_anual.asp
Mercosur,https://www.mercosur.int/media/noticias/
Mercosur,https://www.mercosur.int/media/publicaciones/
Mercosur,https://www.parlamentomercosur.org/innovaportal/v/13215/1/parlasur/noticias.html
Comunidad Andina,https://www.comunidadandina.org/bibliocan/publicaciones-de-la-secretaria-general-can/
Comunidad Andina,https://www.comunidadandina.org/notas-de-prensa/
PARLATINO,https://parlatino.org/comisiones-permanentes/
BID,https://publications.iadb.org/es
BID,https://www.iadb.org/es/inicio/sala-de-prensa
Tesorería General de la República,https://www.tgr.cl/participacion-ciudadana/cuenta-publica/
Tesorería General de la República,https://www.tgr.cl/educacion-tributaria/
Tesorería General de la República,https://www.tgr.cl/listado-de-tramites-tgr/
Tesorería General de la República,https://www.tgr.cl/portal-municipal/
Tesorería General de la República,https://www.tgr.cl/publicaciones/
Tesorería General de la República,https://www.tgr.cl/estados-financieros/
Tesorería General de la República,https://www.tgr.cl/informe-del-tesoro/
Tesorería General de la República,https://www.tgr.cl/decretos-y-similes/
Tesorería General de la República,https://www.tgr.cl/tablas-de-calculo/
Tesorería General de la República,https://ayuda.tgr.cl/hc/es-419
Tesorería General de la República,https://www.portaltransparencia.cl/PortalPdT/directorio-de-organismos-regulados/?org=AE003&pagina=57641340
